Suite/Test/Step Name,Browser,Description,Tag,Start time,End time,Duration,Status
"Full and partial REFUNDS for teams (CARD, ACH, CHECK)",Chrome 135.0.7049.85,,,14-04-2025 19:24:14,14-04-2025 19:28:55,"4m - 41,490s",PASSED
,,,,,,,
"Test Cases/Payments for teams (CARD, ACH, CHECK)",Chrome 135.0.7049.85,,"refund, teams",14-04-2025 19:24:14,14-04-2025 19:25:04,"50,526s",PASSED
"openBrowser(""http://USAV:demo@dev.swstage.com/"")",Chrome 135.0.7049.85,,,14-04-2025 19:24:14,14-04-2025 19:24:19,"4,375s",PASSED
"navigateToUrl(""http://USAV:demo@my.dev.swstage.com/#/"")",Chrome 135.0.7049.85,,,14-04-2025 19:24:19,14-04-2025 19:24:21,"2,203s",PASSED
"setText(findTestObject(""Object Repository/Payment for teams (CARD, ACH, CHECK)/Page_SportWrench - The Home of Sporting Events/input_Log In_email""), ""coachjon@trinityvolleyball.com"")",Chrome 135.0.7049.85,,,14-04-2025 19:24:21,14-04-2025 19:24:21,"0,747s",PASSED
"setEncryptedText(findTestObject(""Object Repository/Payment for teams (CARD, ACH, CHECK)/Page_SportWrench - The Home of Sporting Events/input_false_password""), ""ugkk24xDMrWrlVpEbACuNZEQlZ6qfcdw"")",Chrome 135.0.7049.85,,,14-04-2025 19:24:21,14-04-2025 19:24:22,"0,309s",PASSED
"click(findTestObject(""Object Repository/Payment for teams (CARD, ACH, CHECK)/Page_SportWrench - The Home of Sporting Events/button_Log In""))",Chrome 135.0.7049.85,,,14-04-2025 19:24:22,14-04-2025 19:24:22,"0,293s",PASSED
"click(findTestObject(""Object Repository/Payment for teams (CARD, ACH, CHECK)/Page_SportWrench - The Home of Sporting Events/a_Enter Events""))",Chrome 135.0.7049.85,,,14-04-2025 19:24:22,14-04-2025 19:24:23,"1,317s",PASSED
"click(findTestObject(""Object Repository/Payment for teams (CARD, ACH, CHECK)/Page_SportWrench - The Home of Sporting Events/button_Manage Teams""))",Chrome 135.0.7049.85,,,14-04-2025 19:24:23,14-04-2025 19:24:24,"0,700s",PASSED
"click(findTestObject(""Object Repository/Payment for teams (CARD, ACH, CHECK)/Page_SportWrench - The Home of Sporting Events/button_Pay""))",Chrome 135.0.7049.85,,,14-04-2025 19:24:24,14-04-2025 19:24:26,"1,657s",PASSED
delay(2),Chrome 135.0.7049.85,,,14-04-2025 19:24:26,14-04-2025 19:24:28,"2,024s",PASSED
"click(findTestObject(""Object Repository/Payment for teams (CARD, ACH, CHECK)/Page_SportWrench - The Home of Sporting Events/input_Payment history_ng-pristine ng-untouc_97ddf2""))",Chrome 135.0.7049.85,,,14-04-2025 19:24:28,14-04-2025 19:24:28,"0,358s",PASSED
"click(findTestObject(""Object Repository/Payment for teams (CARD, ACH, CHECK)/Page_SportWrench - The Home of Sporting Events/input_To Pay_ng-pristine ng-untouched ng-va_e7e142""))",Chrome 135.0.7049.85,,,14-04-2025 19:24:28,14-04-2025 19:24:29,"0,502s",PASSED
"click(findTestObject(""Object Repository/Payment for teams (CARD, ACH, CHECK)/Page_SportWrench - The Home of Sporting Events/input_1,000.00_ng-pristine ng-untouched ng-_714ebc""))",Chrome 135.0.7049.85,,,14-04-2025 19:24:29,14-04-2025 19:24:29,"0,496s",PASSED
"click(findTestObject(""Object Repository/Payment for teams (CARD, ACH, CHECK)/Page_SportWrench - The Home of Sporting Events/input_1,000.00_ng-pristine ng-untouched ng-_714ebc_1""))",Chrome 135.0.7049.85,,,14-04-2025 19:24:29,14-04-2025 19:24:29,"0,299s",PASSED
"click(findTestObject(""Object Repository/Payment for teams (CARD, ACH, CHECK)/Page_SportWrench - The Home of Sporting Events/input_1,000.00_ng-pristine ng-untouched ng-_714ebc_1_2""))",Chrome 135.0.7049.85,,,14-04-2025 19:24:29,14-04-2025 19:24:30,"0,293s",PASSED
"click(findTestObject(""Object Repository/Payment for teams (CARD, ACH, CHECK)/Page_SportWrench - The Home of Sporting Events/input_1,000.00_ng-pristine ng-untouched ng-_714ebc_1_2_3""))",Chrome 135.0.7049.85,,,14-04-2025 19:24:30,14-04-2025 19:24:30,"0,296s",PASSED
"click(findTestObject(""Object Repository/Payment for teams (CARD, ACH, CHECK)/Page_SportWrench - The Home of Sporting Events/div_Proceed to payment""))",Chrome 135.0.7049.85,,,14-04-2025 19:24:30,14-04-2025 19:24:30,"0,341s",PASSED
delay(2),Chrome 135.0.7049.85,,,14-04-2025 19:24:30,14-04-2025 19:24:32,"2,016s",PASSED
"setText(findTestObject(""Object Repository/Payment for teams (CARD, ACH, CHECK)/Page_SportWrench - The Home of Sporting Events/input_Card number_number""), ""4242 4242 4242 4242"")",Chrome 135.0.7049.85,,,14-04-2025 19:24:32,14-04-2025 19:24:33,"0,670s",PASSED
"setText(findTestObject(""Object Repository/Payment for teams (CARD, ACH, CHECK)/Page_SportWrench - The Home of Sporting Events/input_MM  YY_expiry""), ""12 / 26"")",Chrome 135.0.7049.85,,,14-04-2025 19:24:33,14-04-2025 19:24:34,"0,640s",PASSED
"setText(findTestObject(""Object Repository/Payment for teams (CARD, ACH, CHECK)/Page_SportWrench - The Home of Sporting Events/input_Security code_cvc""), ""345"")",Chrome 135.0.7049.85,,,14-04-2025 19:24:34,14-04-2025 19:24:34,"0,578s",PASSED
"click(findTestObject(""Object Repository/Payment for teams (CARD, ACH, CHECK)/Page_SportWrench - The Home of Sporting Events/button_Pay 5,000.00""))",Chrome 135.0.7049.85,,,14-04-2025 19:24:34,14-04-2025 19:24:35,"0,318s",PASSED
delay(5),Chrome 135.0.7049.85,,,14-04-2025 19:24:35,14-04-2025 19:24:40,"5,006s",PASSED
"verifyElementPresent(findTestObject(""Object Repository/Payment for teams (CARD, ACH, CHECK)/Page_SportWrench - The Home of Sporting Events/span_Your Payment of 5,000.00 succeeded""), 1)",Chrome 135.0.7049.85,,,14-04-2025 19:24:40,14-04-2025 19:24:40,"0,275s",PASSED
"click(findTestObject(""Object Repository/Payment for teams (CARD, ACH, CHECK)/Page_SportWrench - The Home of Sporting Events/button_Close""))",Chrome 135.0.7049.85,,,14-04-2025 19:24:40,14-04-2025 19:24:43,"2,809s",PASSED
"click(findTestObject(""Object Repository/Payment for teams (CARD, ACH, CHECK)/Page_SportWrench - The Home of Sporting Events/button_Pay""))",Chrome 135.0.7049.85,,,14-04-2025 19:24:43,14-04-2025 19:24:43,"0,350s",PASSED
"click(findTestObject(""Object Repository/Payment for teams (CARD, ACH, CHECK)/Page_SportWrench - The Home of Sporting Events/input_Payment history_ng-pristine ng-untouc_97ddf2""))",Chrome 135.0.7049.85,,,14-04-2025 19:24:43,14-04-2025 19:24:44,"0,666s",PASSED
"click(findTestObject(""Object Repository/Payment for teams (CARD, ACH, CHECK)/Page_SportWrench - The Home of Sporting Events/input_To Pay_ng-pristine ng-untouched ng-va_e7e142""))",Chrome 135.0.7049.85,,,14-04-2025 19:24:44,14-04-2025 19:24:44,"0,493s",PASSED
"click(findTestObject(""Object Repository/Payment for teams (CARD, ACH, CHECK)/Page_SportWrench - The Home of Sporting Events/input_1,000.00_ng-pristine ng-untouched ng-_714ebc""))",Chrome 135.0.7049.85,,,14-04-2025 19:24:44,14-04-2025 19:24:45,"0,494s",PASSED
"click(findTestObject(""Object Repository/Payment for teams (CARD, ACH, CHECK)/Page_SportWrench - The Home of Sporting Events/input_1,000.00_ng-pristine ng-untouched ng-_714ebc_1""))",Chrome 135.0.7049.85,,,14-04-2025 19:24:45,14-04-2025 19:24:45,"0,282s",PASSED
"click(findTestObject(""Object Repository/Payment for teams (CARD, ACH, CHECK)/Page_SportWrench - The Home of Sporting Events/div_Proceed to payment_1""))",Chrome 135.0.7049.85,,,14-04-2025 19:24:45,14-04-2025 19:24:45,"0,317s",PASSED
"click(findTestObject(""Object Repository/Payment for teams (CARD, ACH, CHECK)/Page_SportWrench - The Home of Sporting Events/a_Check""))",Chrome 135.0.7049.85,,,14-04-2025 19:24:45,14-04-2025 19:24:47,"1,939s",PASSED
"click(findTestObject(""Object Repository/Payment for teams (CARD, ACH, CHECK)/Page_SportWrench - The Home of Sporting Events/button_Confirm 3,000.00""))",Chrome 135.0.7049.85,,,14-04-2025 19:24:47,14-04-2025 19:24:48,"0,296s",PASSED
"verifyElementPresent(findTestObject(""Object Repository/Payment for teams (CARD, ACH, CHECK)/Page_SportWrench - The Home of Sporting Events/span_Your Payment of 3,000.00 is pending re_a194a2""), 0)",Chrome 135.0.7049.85,,,14-04-2025 19:24:48,14-04-2025 19:24:49,"1,710s",PASSED
"click(findTestObject(""Object Repository/Payment for teams (CARD, ACH, CHECK)/Page_SportWrench - The Home of Sporting Events/button_Close""))",Chrome 135.0.7049.85,,,14-04-2025 19:24:49,14-04-2025 19:24:50,"0,291s",PASSED
"click(findTestObject(""Object Repository/Payment for teams (CARD, ACH, CHECK)/Page_SportWrench - The Home of Sporting Events/button_Pay""))",Chrome 135.0.7049.85,,,14-04-2025 19:24:50,14-04-2025 19:24:50,"0,344s",PASSED
"click(findTestObject(""Object Repository/Payment for teams (CARD, ACH, CHECK)/Page_SportWrench - The Home of Sporting Events/div_Proceed to payment_1_2""))",Chrome 135.0.7049.85,,,14-04-2025 19:24:50,14-04-2025 19:24:51,"0,722s",PASSED
"click(findTestObject(""Object Repository/Payment for teams (CARD, ACH, CHECK)/Page_SportWrench - The Home of Sporting Events/button_US bank account""))",Chrome 135.0.7049.85,,,14-04-2025 19:24:51,14-04-2025 19:24:52,"1,854s",PASSED
"setText(findTestObject(""Object Repository/Payment for teams (CARD, ACH, CHECK)/Page_SportWrench - The Home of Sporting Events/input_Email_email""), ""ddfdfgf@gmail.com"")",Chrome 135.0.7049.85,,,14-04-2025 19:24:52,14-04-2025 19:24:53,"0,634s",PASSED
"setText(findTestObject(""Object Repository/Payment for teams (CARD, ACH, CHECK)/Page_SportWrench - The Home of Sporting Events/input_Full name_name""), ""ddfddf fgffgfg"")",Chrome 135.0.7049.85,,,14-04-2025 19:24:53,14-04-2025 19:24:54,"0,647s",PASSED
"click(findTestObject(""Object Repository/Payment for teams (CARD, ACH, CHECK)/Page_SportWrench - The Home of Sporting Events/p_Test Institution""))",Chrome 135.0.7049.85,,,14-04-2025 19:24:54,14-04-2025 19:24:55,"1,188s",PASSED
"enhancedClick(findTestObject(""Payment for teams (CARD, ACH, CHECK)/Page_SportWrench - The Home of Sporting Events/button_Agree and continue""))",Chrome 135.0.7049.85,,,14-04-2025 19:24:55,14-04-2025 19:24:56,"0,669s",PASSED
"click(findTestObject(""Object Repository/Payment for teams (CARD, ACH, CHECK)/Page_SportWrench - The Home of Sporting Events/span_Connect account""))",Chrome 135.0.7049.85,,,14-04-2025 19:24:56,14-04-2025 19:25:00,"4,116s",PASSED
"click(findTestObject(""Object Repository/Payment for teams (CARD, ACH, CHECK)/Page_SportWrench - The Home of Sporting Events/span_Back to SportWrench Inc""))",Chrome 135.0.7049.85,,,14-04-2025 19:25:00,14-04-2025 19:25:02,"2,284s",PASSED
"click(findTestObject(""Object Repository/Payment for teams (CARD, ACH, CHECK)/Page_SportWrench - The Home of Sporting Events/button_Pay 4,000.00""))",Chrome 135.0.7049.85,,,14-04-2025 19:25:02,14-04-2025 19:25:03,"1,244s",PASSED
"verifyElementPresent(findTestObject(""Object Repository/Payment for teams (CARD, ACH, CHECK)/Page_SportWrench - The Home of Sporting Events/span_Your Payment of 4,000.00 is pending ba_433985""), 0)",Chrome 135.0.7049.85,,,14-04-2025 19:25:03,14-04-2025 19:25:04,"1,094s",PASSED
closeBrowser(),Chrome 135.0.7049.85,,,14-04-2025 19:25:04,14-04-2025 19:25:04,"0,153s",PASSED
,,,,,,,
"Test Cases/Refunds for teams (CARD, ACH, CHECK)",Chrome 135.0.7049.85,,"teams, refund",14-04-2025 19:25:04,14-04-2025 19:25:46,"41,573s",PASSED
"openBrowser(""http://USAV:demo@dev.swstage.com/"")",Chrome 135.0.7049.85,,,14-04-2025 19:25:05,14-04-2025 19:25:08,"3,586s",PASSED
"navigateToUrl(""http://USAV:demo@my.dev.swstage.com/#/"")",Chrome 135.0.7049.85,,,14-04-2025 19:25:08,14-04-2025 19:25:10,"2,191s",PASSED
"setText(findTestObject(""Object Repository/Refunds for teams (CARD, ACH, CHECK)/Page_SportWrench - The Home of Sporting Events/input_Log In_email""), ""dcgfcgchfhgvhv@gmail.com"")",Chrome 135.0.7049.85,,,14-04-2025 19:25:10,14-04-2025 19:25:11,"1,099s",PASSED
"setEncryptedText(findTestObject(""Object Repository/Refunds for teams (CARD, ACH, CHECK)/Page_SportWrench - The Home of Sporting Events/input_false_password""), ""ugkk24xDMrWrlVpEbACuNZEQlZ6qfcdw"")",Chrome 135.0.7049.85,,,14-04-2025 19:25:11,14-04-2025 19:25:12,"0,271s",PASSED
"click(findTestObject(""Object Repository/Refunds for teams (CARD, ACH, CHECK)/Page_SportWrench - The Home of Sporting Events/button_Log In""))",Chrome 135.0.7049.85,,,14-04-2025 19:25:12,14-04-2025 19:25:12,"0,293s",PASSED
"setText(findTestObject(""Object Repository/Refunds for teams (CARD, ACH, CHECK)/Page_SportWrench - The Home of Sporting Events/input_Other Events_searchbox""), ""ULTIMATE TEAMS REFUND"")",Chrome 135.0.7049.85,,,14-04-2025 19:25:12,14-04-2025 19:25:16,"3,880s",PASSED
"click(findTestObject(""Object Repository/Refunds for teams (CARD, ACH, CHECK)/Page_SportWrench - The Home of Sporting Events/a_ULTIMATE TEAMS REFUND""))",Chrome 135.0.7049.85,,,14-04-2025 19:25:16,14-04-2025 19:25:16,"0,480s",PASSED
delay(1),Chrome 135.0.7049.85,,,14-04-2025 19:25:16,14-04-2025 19:25:17,"1,013s",PASSED
"click(findTestObject(""Object Repository/Refunds for teams (CARD, ACH, CHECK)/Page_SportWrench - The Home of Sporting Events/a_Teams""))",Chrome 135.0.7049.85,,,14-04-2025 19:25:17,14-04-2025 19:25:18,"0,267s",PASSED
delay(1),Chrome 135.0.7049.85,,,14-04-2025 19:25:18,14-04-2025 19:25:19,"1,014s",PASSED
"click(findTestObject(""Object Repository/Refunds for teams (CARD, ACH, CHECK)/Page_SportWrench - The Home of Sporting Events/a_Payments""))",Chrome 135.0.7049.85,,,14-04-2025 19:25:19,14-04-2025 19:25:19,"0,298s",PASSED
delay(1),Chrome 135.0.7049.85,,,14-04-2025 19:25:19,14-04-2025 19:25:20,"1,016s",PASSED
"click(findTestObject(""Object Repository/Refunds for teams (CARD, ACH, CHECK)/Page_SportWrench - The Home of Sporting Events/td_5""))",Chrome 135.0.7049.85,,,14-04-2025 19:25:20,14-04-2025 19:25:20,"0,304s",PASSED
"click(findTestObject(""Object Repository/Refunds for teams (CARD, ACH, CHECK)/Page_SportWrench - The Home of Sporting Events/a_B09TRNTY4FL""))",Chrome 135.0.7049.85,,,14-04-2025 19:25:20,14-04-2025 19:25:21,"0,497s",PASSED
"click(findTestObject(""Object Repository/Refunds for teams (CARD, ACH, CHECK)/Page_SportWrench - The Home of Sporting Events/span_CARD (paid)""))",Chrome 135.0.7049.85,,,14-04-2025 19:25:21,14-04-2025 19:25:22,"1,612s",PASSED
"click(findTestObject(""Object Repository/Refunds for teams (CARD, ACH, CHECK)/Page_SportWrench - The Home of Sporting Events/span_Refund_caret""))",Chrome 135.0.7049.85,,,14-04-2025 19:25:22,14-04-2025 19:25:23,"0,283s",PASSED
"click(findTestObject(""Object Repository/Refunds for teams (CARD, ACH, CHECK)/Page_SportWrench - The Home of Sporting Events/a_Total""))",Chrome 135.0.7049.85,,,14-04-2025 19:25:23,14-04-2025 19:25:23,"0,726s",PASSED
"click(findTestObject(""Object Repository/Refunds for teams (CARD, ACH, CHECK)/Page_SportWrench - The Home of Sporting Events/button_Yes""))",Chrome 135.0.7049.85,,,14-04-2025 19:25:23,14-04-2025 19:25:24,"0,554s",PASSED
"click(findTestObject(""Object Repository/Refunds for teams (CARD, ACH, CHECK)/Page_SportWrench - The Home of Sporting Events/button_Close""))",Chrome 135.0.7049.85,,,14-04-2025 19:25:24,14-04-2025 19:25:28,"4,170s",PASSED
"click(findTestObject(""Object Repository/Refunds for teams (CARD, ACH, CHECK)/Page_SportWrench - The Home of Sporting Events/td_4""))",Chrome 135.0.7049.85,,,14-04-2025 19:25:28,14-04-2025 19:25:28,"0,287s",PASSED
"click(findTestObject(""Object Repository/Refunds for teams (CARD, ACH, CHECK)/Page_SportWrench - The Home of Sporting Events/a_B09TRNTY7FL""))",Chrome 135.0.7049.85,,,14-04-2025 19:25:28,14-04-2025 19:25:29,"0,490s",PASSED
"click(findTestObject(""Object Repository/Refunds for teams (CARD, ACH, CHECK)/Page_SportWrench - The Home of Sporting Events/span_ACH (paid)""))",Chrome 135.0.7049.85,,,14-04-2025 19:25:29,14-04-2025 19:25:31,"1,668s",PASSED
"click(findTestObject(""Object Repository/Refunds for teams (CARD, ACH, CHECK)/Page_SportWrench - The Home of Sporting Events/span_Refund_caret_1""))",Chrome 135.0.7049.85,,,14-04-2025 19:25:31,14-04-2025 19:25:31,"0,272s",PASSED
"click(findTestObject(""Object Repository/Refunds for teams (CARD, ACH, CHECK)/Page_SportWrench - The Home of Sporting Events/a_Total_1""))",Chrome 135.0.7049.85,,,14-04-2025 19:25:31,14-04-2025 19:25:32,"0,705s",PASSED
"click(findTestObject(""Object Repository/Refunds for teams (CARD, ACH, CHECK)/Page_SportWrench - The Home of Sporting Events/button_Yes""))",Chrome 135.0.7049.85,,,14-04-2025 19:25:32,14-04-2025 19:25:32,"0,478s",PASSED
"click(findTestObject(""Object Repository/Refunds for teams (CARD, ACH, CHECK)/Page_SportWrench - The Home of Sporting Events/button_Close""))",Chrome 135.0.7049.85,,,14-04-2025 19:25:32,14-04-2025 19:25:36,"4,188s",PASSED
"click(findTestObject(""Object Repository/Refunds for teams (CARD, ACH, CHECK)/Page_SportWrench - The Home of Sporting Events/td_3""))",Chrome 135.0.7049.85,,,14-04-2025 19:25:36,14-04-2025 19:25:37,"0,343s",PASSED
"click(findTestObject(""Object Repository/Refunds for teams (CARD, ACH, CHECK)/Page_SportWrench - The Home of Sporting Events/a_B09TRNTY16FL""))",Chrome 135.0.7049.85,,,14-04-2025 19:25:37,14-04-2025 19:25:37,"0,484s",PASSED
"click(findTestObject(""Object Repository/Refunds for teams (CARD, ACH, CHECK)/Page_SportWrench - The Home of Sporting Events/span_CHECK (pending)""))",Chrome 135.0.7049.85,,,14-04-2025 19:25:37,14-04-2025 19:25:38,"1,286s",PASSED
"click(findTestObject(""Object Repository/Refunds for teams (CARD, ACH, CHECK)/Page_SportWrench - The Home of Sporting Events/input_Received_is_received""))",Chrome 135.0.7049.85,,,14-04-2025 19:25:38,14-04-2025 19:25:39,"0,272s",PASSED
"setText(findTestObject(""Object Repository/Refunds for teams (CARD, ACH, CHECK)/Page_SportWrench - The Home of Sporting Events/input__check_num""), ""1234567"")",Chrome 135.0.7049.85,,,14-04-2025 19:25:39,14-04-2025 19:25:40,"0,958s",PASSED
"click(findTestObject(""Object Repository/Refunds for teams (CARD, ACH, CHECK)/Page_SportWrench - The Home of Sporting Events/button_Save""))",Chrome 135.0.7049.85,,,14-04-2025 19:25:40,14-04-2025 19:25:40,"0,286s",PASSED
"click(findTestObject(""Object Repository/Refunds for teams (CARD, ACH, CHECK)/Page_SportWrench - The Home of Sporting Events/button_Void Invoice""))",Chrome 135.0.7049.85,,,14-04-2025 19:25:40,14-04-2025 19:25:41,"0,873s",PASSED
"click(findTestObject(""Object Repository/Refunds for teams (CARD, ACH, CHECK)/Page_SportWrench - The Home of Sporting Events/button_Yes""))",Chrome 135.0.7049.85,,,14-04-2025 19:25:41,14-04-2025 19:25:41,"0,568s",PASSED
"click(findTestObject(""Object Repository/Refunds for teams (CARD, ACH, CHECK)/Page_SportWrench - The Home of Sporting Events/button_Close""))",Chrome 135.0.7049.85,,,14-04-2025 19:25:41,14-04-2025 19:25:43,"1,464s",PASSED
"click(findTestObject(""Object Repository/Refunds for teams (CARD, ACH, CHECK)/Page_SportWrench - The Home of Sporting Events/a_Accounting""))",Chrome 135.0.7049.85,,,14-04-2025 19:25:43,14-04-2025 19:25:43,"0,285s",PASSED
"click(findTestObject(""Object Repository/Refunds for teams (CARD, ACH, CHECK)/Page_SportWrench - The Home of Sporting Events/div_0.00""))",Chrome 135.0.7049.85,,,14-04-2025 19:25:43,14-04-2025 19:25:44,"1,127s",PASSED
"click(findTestObject(""Object Repository/Refunds for teams (CARD, ACH, CHECK)/Page_SportWrench - The Home of Sporting Events/div_0.00_1""))",Chrome 135.0.7049.85,,,14-04-2025 19:25:44,14-04-2025 19:25:44,"0,258s",PASSED
"click(findTestObject(""Object Repository/Refunds for teams (CARD, ACH, CHECK)/Page_SportWrench - The Home of Sporting Events/div_0.00_1_2""))",Chrome 135.0.7049.85,,,14-04-2025 19:25:44,14-04-2025 19:25:45,"0,255s",PASSED
"click(findTestObject(""Object Repository/Refunds for teams (CARD, ACH, CHECK)/Page_SportWrench - The Home of Sporting Events/div_0.00_1_2_3""))",Chrome 135.0.7049.85,,,14-04-2025 19:25:45,14-04-2025 19:25:45,"0,305s",PASSED
"verifyElementPresent(findTestObject(""Refunds for teams (CARD, ACH, CHECK)/Page_SportWrench - The Home of Sporting Events/div_0.00""), 0)",Chrome 135.0.7049.85,,,14-04-2025 19:25:45,14-04-2025 19:25:45,"0,227s",PASSED
"verifyElementPresent(findTestObject(""Refunds for teams (CARD, ACH, CHECK)/Page_SportWrench - The Home of Sporting Events/div_0.00_1""), 0)",Chrome 135.0.7049.85,,,14-04-2025 19:25:45,14-04-2025 19:25:45,"0,226s",PASSED
"verifyElementPresent(findTestObject(""Refunds for teams (CARD, ACH, CHECK)/Page_SportWrench - The Home of Sporting Events/div_0.00_1_2""), 0)",Chrome 135.0.7049.85,,,14-04-2025 19:25:45,14-04-2025 19:25:46,"0,224s",PASSED
"verifyElementPresent(findTestObject(""Refunds for teams (CARD, ACH, CHECK)/Page_SportWrench - The Home of Sporting Events/div_0.00_1_2_3""), 0)",Chrome 135.0.7049.85,,,14-04-2025 19:25:46,14-04-2025 19:25:46,"0,289s",PASSED
closeBrowser(),Chrome 135.0.7049.85,,,14-04-2025 19:25:46,14-04-2025 19:25:46,"0,124s",PASSED
,,,,,,,
"Test Cases/Payments for teams (CARD, ACH, CHECK)",Chrome 135.0.7049.85,,"refund, teams",14-04-2025 19:25:46,14-04-2025 19:26:35,"49,225s",PASSED
"openBrowser(""http://USAV:demo@dev.swstage.com/"")",Chrome 135.0.7049.85,,,14-04-2025 19:25:46,14-04-2025 19:25:49,"3,434s",PASSED
"navigateToUrl(""http://USAV:demo@my.dev.swstage.com/#/"")",Chrome 135.0.7049.85,,,14-04-2025 19:25:49,14-04-2025 19:25:52,"2,484s",PASSED
"setText(findTestObject(""Object Repository/Payment for teams (CARD, ACH, CHECK)/Page_SportWrench - The Home of Sporting Events/input_Log In_email""), ""coachjon@trinityvolleyball.com"")",Chrome 135.0.7049.85,,,14-04-2025 19:25:52,14-04-2025 19:25:53,"0,714s",PASSED
"setEncryptedText(findTestObject(""Object Repository/Payment for teams (CARD, ACH, CHECK)/Page_SportWrench - The Home of Sporting Events/input_false_password""), ""ugkk24xDMrWrlVpEbACuNZEQlZ6qfcdw"")",Chrome 135.0.7049.85,,,14-04-2025 19:25:53,14-04-2025 19:25:53,"0,274s",PASSED
"click(findTestObject(""Object Repository/Payment for teams (CARD, ACH, CHECK)/Page_SportWrench - The Home of Sporting Events/button_Log In""))",Chrome 135.0.7049.85,,,14-04-2025 19:25:53,14-04-2025 19:25:53,"0,263s",PASSED
"click(findTestObject(""Object Repository/Payment for teams (CARD, ACH, CHECK)/Page_SportWrench - The Home of Sporting Events/a_Enter Events""))",Chrome 135.0.7049.85,,,14-04-2025 19:25:53,14-04-2025 19:25:55,"1,352s",PASSED
"click(findTestObject(""Object Repository/Payment for teams (CARD, ACH, CHECK)/Page_SportWrench - The Home of Sporting Events/button_Manage Teams""))",Chrome 135.0.7049.85,,,14-04-2025 19:25:55,14-04-2025 19:25:55,"0,677s",PASSED
"click(findTestObject(""Object Repository/Payment for teams (CARD, ACH, CHECK)/Page_SportWrench - The Home of Sporting Events/button_Pay""))",Chrome 135.0.7049.85,,,14-04-2025 19:25:55,14-04-2025 19:25:57,"1,697s",PASSED
delay(2),Chrome 135.0.7049.85,,,14-04-2025 19:25:57,14-04-2025 19:25:59,"2,007s",PASSED
"click(findTestObject(""Object Repository/Payment for teams (CARD, ACH, CHECK)/Page_SportWrench - The Home of Sporting Events/input_Payment history_ng-pristine ng-untouc_97ddf2""))",Chrome 135.0.7049.85,,,14-04-2025 19:25:59,14-04-2025 19:25:59,"0,310s",PASSED
"click(findTestObject(""Object Repository/Payment for teams (CARD, ACH, CHECK)/Page_SportWrench - The Home of Sporting Events/input_To Pay_ng-pristine ng-untouched ng-va_e7e142""))",Chrome 135.0.7049.85,,,14-04-2025 19:25:59,14-04-2025 19:26:00,"0,489s",PASSED
"click(findTestObject(""Object Repository/Payment for teams (CARD, ACH, CHECK)/Page_SportWrench - The Home of Sporting Events/input_1,000.00_ng-pristine ng-untouched ng-_714ebc""))",Chrome 135.0.7049.85,,,14-04-2025 19:26:00,14-04-2025 19:26:00,"0,492s",PASSED
"click(findTestObject(""Object Repository/Payment for teams (CARD, ACH, CHECK)/Page_SportWrench - The Home of Sporting Events/input_1,000.00_ng-pristine ng-untouched ng-_714ebc_1""))",Chrome 135.0.7049.85,,,14-04-2025 19:26:00,14-04-2025 19:26:01,"0,289s",PASSED
"click(findTestObject(""Object Repository/Payment for teams (CARD, ACH, CHECK)/Page_SportWrench - The Home of Sporting Events/input_1,000.00_ng-pristine ng-untouched ng-_714ebc_1_2""))",Chrome 135.0.7049.85,,,14-04-2025 19:26:01,14-04-2025 19:26:01,"0,284s",PASSED
"click(findTestObject(""Object Repository/Payment for teams (CARD, ACH, CHECK)/Page_SportWrench - The Home of Sporting Events/input_1,000.00_ng-pristine ng-untouched ng-_714ebc_1_2_3""))",Chrome 135.0.7049.85,,,14-04-2025 19:26:01,14-04-2025 19:26:01,"0,286s",PASSED
"click(findTestObject(""Object Repository/Payment for teams (CARD, ACH, CHECK)/Page_SportWrench - The Home of Sporting Events/div_Proceed to payment""))",Chrome 135.0.7049.85,,,14-04-2025 19:26:01,14-04-2025 19:26:01,"0,322s",PASSED
delay(2),Chrome 135.0.7049.85,,,14-04-2025 19:26:01,14-04-2025 19:26:03,"2,014s",PASSED
"setText(findTestObject(""Object Repository/Payment for teams (CARD, ACH, CHECK)/Page_SportWrench - The Home of Sporting Events/input_Card number_number""), ""4242 4242 4242 4242"")",Chrome 135.0.7049.85,,,14-04-2025 19:26:03,14-04-2025 19:26:04,"0,627s",PASSED
"setText(findTestObject(""Object Repository/Payment for teams (CARD, ACH, CHECK)/Page_SportWrench - The Home of Sporting Events/input_MM  YY_expiry""), ""12 / 26"")",Chrome 135.0.7049.85,,,14-04-2025 19:26:04,14-04-2025 19:26:05,"0,581s",PASSED
"setText(findTestObject(""Object Repository/Payment for teams (CARD, ACH, CHECK)/Page_SportWrench - The Home of Sporting Events/input_Security code_cvc""), ""345"")",Chrome 135.0.7049.85,,,14-04-2025 19:26:05,14-04-2025 19:26:05,"0,562s",PASSED
"click(findTestObject(""Object Repository/Payment for teams (CARD, ACH, CHECK)/Page_SportWrench - The Home of Sporting Events/button_Pay 5,000.00""))",Chrome 135.0.7049.85,,,14-04-2025 19:26:05,14-04-2025 19:26:06,"0,313s",PASSED
delay(5),Chrome 135.0.7049.85,,,14-04-2025 19:26:06,14-04-2025 19:26:11,"5,015s",PASSED
"verifyElementPresent(findTestObject(""Object Repository/Payment for teams (CARD, ACH, CHECK)/Page_SportWrench - The Home of Sporting Events/span_Your Payment of 5,000.00 succeeded""), 1)",Chrome 135.0.7049.85,,,14-04-2025 19:26:11,14-04-2025 19:26:11,"0,231s",PASSED
"click(findTestObject(""Object Repository/Payment for teams (CARD, ACH, CHECK)/Page_SportWrench - The Home of Sporting Events/button_Close""))",Chrome 135.0.7049.85,,,14-04-2025 19:26:11,14-04-2025 19:26:14,"3,086s",PASSED
"click(findTestObject(""Object Repository/Payment for teams (CARD, ACH, CHECK)/Page_SportWrench - The Home of Sporting Events/button_Pay""))",Chrome 135.0.7049.85,,,14-04-2025 19:26:14,14-04-2025 19:26:14,"0,362s",PASSED
"click(findTestObject(""Object Repository/Payment for teams (CARD, ACH, CHECK)/Page_SportWrench - The Home of Sporting Events/input_Payment history_ng-pristine ng-untouc_97ddf2""))",Chrome 135.0.7049.85,,,14-04-2025 19:26:14,14-04-2025 19:26:15,"0,652s",PASSED
"click(findTestObject(""Object Repository/Payment for teams (CARD, ACH, CHECK)/Page_SportWrench - The Home of Sporting Events/input_To Pay_ng-pristine ng-untouched ng-va_e7e142""))",Chrome 135.0.7049.85,,,14-04-2025 19:26:15,14-04-2025 19:26:15,"0,486s",PASSED
"click(findTestObject(""Object Repository/Payment for teams (CARD, ACH, CHECK)/Page_SportWrench - The Home of Sporting Events/input_1,000.00_ng-pristine ng-untouched ng-_714ebc""))",Chrome 135.0.7049.85,,,14-04-2025 19:26:15,14-04-2025 19:26:16,"0,495s",PASSED
"click(findTestObject(""Object Repository/Payment for teams (CARD, ACH, CHECK)/Page_SportWrench - The Home of Sporting Events/input_1,000.00_ng-pristine ng-untouched ng-_714ebc_1""))",Chrome 135.0.7049.85,,,14-04-2025 19:26:16,14-04-2025 19:26:16,"0,277s",PASSED
"click(findTestObject(""Object Repository/Payment for teams (CARD, ACH, CHECK)/Page_SportWrench - The Home of Sporting Events/div_Proceed to payment_1""))",Chrome 135.0.7049.85,,,14-04-2025 19:26:16,14-04-2025 19:26:17,"0,363s",PASSED
"click(findTestObject(""Object Repository/Payment for teams (CARD, ACH, CHECK)/Page_SportWrench - The Home of Sporting Events/a_Check""))",Chrome 135.0.7049.85,,,14-04-2025 19:26:17,14-04-2025 19:26:18,"1,707s",PASSED
"click(findTestObject(""Object Repository/Payment for teams (CARD, ACH, CHECK)/Page_SportWrench - The Home of Sporting Events/button_Confirm 3,000.00""))",Chrome 135.0.7049.85,,,14-04-2025 19:26:18,14-04-2025 19:26:18,"0,277s",PASSED
"verifyElementPresent(findTestObject(""Object Repository/Payment for teams (CARD, ACH, CHECK)/Page_SportWrench - The Home of Sporting Events/span_Your Payment of 3,000.00 is pending re_a194a2""), 0)",Chrome 135.0.7049.85,,,14-04-2025 19:26:18,14-04-2025 19:26:20,"1,703s",PASSED
"click(findTestObject(""Object Repository/Payment for teams (CARD, ACH, CHECK)/Page_SportWrench - The Home of Sporting Events/button_Close""))",Chrome 135.0.7049.85,,,14-04-2025 19:26:20,14-04-2025 19:26:20,"0,288s",PASSED
"click(findTestObject(""Object Repository/Payment for teams (CARD, ACH, CHECK)/Page_SportWrench - The Home of Sporting Events/button_Pay""))",Chrome 135.0.7049.85,,,14-04-2025 19:26:20,14-04-2025 19:26:21,"0,347s",PASSED
"click(findTestObject(""Object Repository/Payment for teams (CARD, ACH, CHECK)/Page_SportWrench - The Home of Sporting Events/div_Proceed to payment_1_2""))",Chrome 135.0.7049.85,,,14-04-2025 19:26:21,14-04-2025 19:26:21,"0,670s",PASSED
"click(findTestObject(""Object Repository/Payment for teams (CARD, ACH, CHECK)/Page_SportWrench - The Home of Sporting Events/button_US bank account""))",Chrome 135.0.7049.85,,,14-04-2025 19:26:21,14-04-2025 19:26:23,"1,815s",PASSED
"setText(findTestObject(""Object Repository/Payment for teams (CARD, ACH, CHECK)/Page_SportWrench - The Home of Sporting Events/input_Email_email""), ""ddfdfgf@gmail.com"")",Chrome 135.0.7049.85,,,14-04-2025 19:26:23,14-04-2025 19:26:24,"0,597s",PASSED
"setText(findTestObject(""Object Repository/Payment for teams (CARD, ACH, CHECK)/Page_SportWrench - The Home of Sporting Events/input_Full name_name""), ""ddfddf fgffgfg"")",Chrome 135.0.7049.85,,,14-04-2025 19:26:24,14-04-2025 19:26:24,"0,584s",PASSED
"click(findTestObject(""Object Repository/Payment for teams (CARD, ACH, CHECK)/Page_SportWrench - The Home of Sporting Events/p_Test Institution""))",Chrome 135.0.7049.85,,,14-04-2025 19:26:24,14-04-2025 19:26:26,"1,183s",PASSED
"enhancedClick(findTestObject(""Payment for teams (CARD, ACH, CHECK)/Page_SportWrench - The Home of Sporting Events/button_Agree and continue""))",Chrome 135.0.7049.85,,,14-04-2025 19:26:26,14-04-2025 19:26:26,"0,586s",PASSED
"click(findTestObject(""Object Repository/Payment for teams (CARD, ACH, CHECK)/Page_SportWrench - The Home of Sporting Events/span_Connect account""))",Chrome 135.0.7049.85,,,14-04-2025 19:26:26,14-04-2025 19:26:31,"4,487s",PASSED
"click(findTestObject(""Object Repository/Payment for teams (CARD, ACH, CHECK)/Page_SportWrench - The Home of Sporting Events/span_Back to SportWrench Inc""))",Chrome 135.0.7049.85,,,14-04-2025 19:26:31,14-04-2025 19:26:33,"2,174s",PASSED
"click(findTestObject(""Object Repository/Payment for teams (CARD, ACH, CHECK)/Page_SportWrench - The Home of Sporting Events/button_Pay 4,000.00""))",Chrome 135.0.7049.85,,,14-04-2025 19:26:33,14-04-2025 19:26:34,"1,249s",PASSED
"verifyElementPresent(findTestObject(""Object Repository/Payment for teams (CARD, ACH, CHECK)/Page_SportWrench - The Home of Sporting Events/span_Your Payment of 4,000.00 is pending ba_433985""), 0)",Chrome 135.0.7049.85,,,14-04-2025 19:26:34,14-04-2025 19:26:35,"0,961s",PASSED
closeBrowser(),Chrome 135.0.7049.85,,,14-04-2025 19:26:35,14-04-2025 19:26:35,"0,145s",PASSED
,,,,,,,
Test Cases/Refund for teams (CARD),Chrome 135.0.7049.85,,,14-04-2025 19:26:35,14-04-2025 19:27:21,"45,307s",PASSED
"openBrowser(""http://USAV:demo@dev.swstage.com/ "")",Chrome 135.0.7049.85,,,14-04-2025 19:26:35,14-04-2025 19:26:39,"3,297s",PASSED
"navigateToUrl(""http://USAV:demo@my.dev.swstage.com/#/"")",Chrome 135.0.7049.85,,,14-04-2025 19:26:39,14-04-2025 19:26:41,"2,341s",PASSED
"setText(findTestObject(""Object Repository/Refund for teams (CARD)/Page_SportWrench - The Home of Sporting Events/input_Log In_email""), ""dcgfcgchfhgvhv@gmail.com"")",Chrome 135.0.7049.85,,,14-04-2025 19:26:41,14-04-2025 19:26:42,"0,733s",PASSED
"setEncryptedText(findTestObject(""Object Repository/Refund for teams (CARD)/Page_SportWrench - The Home of Sporting Events/input_false_password""), ""ugkk24xDMrWrlVpEbACuNZEQlZ6qfcdw"")",Chrome 135.0.7049.85,,,14-04-2025 19:26:42,14-04-2025 19:26:42,"0,273s",PASSED
"click(findTestObject(""Object Repository/Refund for teams (CARD)/Page_SportWrench - The Home of Sporting Events/button_Log In""))",Chrome 135.0.7049.85,,,14-04-2025 19:26:42,14-04-2025 19:26:42,"0,269s",PASSED
"setText(findTestObject(""Object Repository/Refund for teams (CARD)/Page_SportWrench - The Home of Sporting Events/input_Other Events_searchbox""), ""ULTIMATE TEAMS REFUND"")",Chrome 135.0.7049.85,,,14-04-2025 19:26:42,14-04-2025 19:26:50,"7,483s",PASSED
"click(findTestObject(""Object Repository/Refund for teams (CARD)/Page_SportWrench - The Home of Sporting Events/a_ULTIMATE TEAMS REFUND""))",Chrome 135.0.7049.85,,,14-04-2025 19:26:50,14-04-2025 19:26:50,"0,470s",PASSED
"click(findTestObject(""Object Repository/Refund for teams (CARD)/Page_SportWrench - The Home of Sporting Events/a_Accounting""))",Chrome 135.0.7049.85,,,14-04-2025 19:26:50,14-04-2025 19:26:51,"0,784s",PASSED
"verifyElementPresent(findTestObject(""Object Repository/Refund for teams (CARD)/Page_SportWrench - The Home of Sporting Events/div_5,000.00""), 0)",Chrome 135.0.7049.85,,,14-04-2025 19:26:51,14-04-2025 19:26:53,"1,787s",PASSED
"verifyElementPresent(findTestObject(""Object Repository/Refund for teams (CARD)/Page_SportWrench - The Home of Sporting Events/div_145.30""), 0)",Chrome 135.0.7049.85,,,14-04-2025 19:26:53,14-04-2025 19:26:53,"0,227s",PASSED
"verifyElementPresent(findTestObject(""Object Repository/Refund for teams (CARD)/Page_SportWrench - The Home of Sporting Events/div_8,704.70""), 0)",Chrome 135.0.7049.85,,,14-04-2025 19:26:53,14-04-2025 19:26:53,"0,222s",PASSED
"click(findTestObject(""Object Repository/Refund for teams (CARD)/Page_SportWrench - The Home of Sporting Events/a_Teams""))",Chrome 135.0.7049.85,,,14-04-2025 19:26:53,14-04-2025 19:26:54,"0,269s",PASSED
"click(findTestObject(""Object Repository/Refund for teams (CARD)/Page_SportWrench - The Home of Sporting Events/a_Teams List""))",Chrome 135.0.7049.85,,,14-04-2025 19:26:54,14-04-2025 19:26:54,"0,257s",PASSED
"click(findTestObject(""Object Repository/Refund for teams (CARD)/Page_SportWrench - The Home of Sporting Events/span_Trinity 8 1""))",Chrome 135.0.7049.85,,,14-04-2025 19:26:54,14-04-2025 19:26:55,"1,344s",PASSED
"click(findTestObject(""Object Repository/Refund for teams (CARD)/Page_SportWrench - The Home of Sporting Events/a_Payments""))",Chrome 135.0.7049.85,,,14-04-2025 19:26:55,14-04-2025 19:26:56,"0,891s",PASSED
"click(findTestObject(""Object Repository/Refund for teams (CARD)/Page_SportWrench - The Home of Sporting Events/span_CARD (paid)""))",Chrome 135.0.7049.85,,,14-04-2025 19:26:56,14-04-2025 19:26:58,"2,155s",PASSED
"click(findTestObject(""Object Repository/Refund for teams (CARD)/Page_SportWrench - The Home of Sporting Events/button_Refund""))",Chrome 135.0.7049.85,,,14-04-2025 19:26:58,14-04-2025 19:26:58,"0,301s",PASSED
"enhancedClick(findTestObject(""Object Repository/Refund for teams (CARD)/Page_SportWrench - The Home of Sporting Events/a_Partial""))",Chrome 135.0.7049.85,,,14-04-2025 19:26:58,14-04-2025 19:27:00,"1,199s",PASSED
delay(2),Chrome 135.0.7049.85,,,14-04-2025 19:27:00,14-04-2025 19:27:02,"2,010s",PASSED
"click(findTestObject(""Object Repository/Refund for teams (CARD)/Page_SportWrench - The Home of Sporting Events/input_Team name_ng-pristine ng-untouched ng_75950e""))",Chrome 135.0.7049.85,,,14-04-2025 19:27:02,14-04-2025 19:27:02,"0,292s",PASSED
"click(findTestObject(""Object Repository/Refund for teams (CARD)/Page_SportWrench - The Home of Sporting Events/input_Trinity 9 11_ng-pristine ng-untouched_6875e5""))",Chrome 135.0.7049.85,,,14-04-2025 19:27:02,14-04-2025 19:27:02,"0,287s",PASSED
"setText(findTestObject(""Object Repository/Refund for teams (CARD)/Page_SportWrench - The Home of Sporting Events/input__form-control form-control-4digits ng_fc52e6""), ""500"")",Chrome 135.0.7049.85,,,14-04-2025 19:27:02,14-04-2025 19:27:03,"0,576s",PASSED
"click(findTestObject(""Object Repository/Refund for teams (CARD)/Page_SportWrench - The Home of Sporting Events/button_Refund 2,500.00""))",Chrome 135.0.7049.85,,,14-04-2025 19:27:03,14-04-2025 19:27:03,"0,289s",PASSED
"click(findTestObject(""Object Repository/Refund for teams (CARD)/Page_SportWrench - The Home of Sporting Events/button_""))",Chrome 135.0.7049.85,,,14-04-2025 19:27:03,14-04-2025 19:27:08,"4,831s",PASSED
"click(findTestObject(""Object Repository/Refund for teams (CARD)/Page_SportWrench - The Home of Sporting Events/a_Accounting""), STOP_ON_FAILURE)",Chrome 135.0.7049.85,,,14-04-2025 19:27:08,14-04-2025 19:27:08,"0,304s",PASSED
"verifyElementPresent(findTestObject(""Object Repository/Refund for teams (CARD)/Page_SportWrench - The Home of Sporting Events/div_2,500.00""), 0)",Chrome 135.0.7049.85,,,14-04-2025 19:27:08,14-04-2025 19:27:09,"1,083s",PASSED
"verifyElementPresent(findTestObject(""Object Repository/Refund for teams (CARD)/Page_SportWrench - The Home of Sporting Events/div_72.80""), 0)",Chrome 135.0.7049.85,,,14-04-2025 19:27:09,14-04-2025 19:27:10,"0,235s",PASSED
"verifyElementPresent(findTestObject(""Object Repository/Refund for teams (CARD)/Page_SportWrench - The Home of Sporting Events/div_6,297.20""), 0)",Chrome 135.0.7049.85,,,14-04-2025 19:27:10,14-04-2025 19:27:10,"0,231s",PASSED
"click(findTestObject(""Object Repository/Refund for teams (CARD)/Page_SportWrench - The Home of Sporting Events/a_Teams""))",Chrome 135.0.7049.85,,,14-04-2025 19:27:10,14-04-2025 19:27:10,"0,269s",PASSED
"click(findTestObject(""Object Repository/Refund for teams (CARD)/Page_SportWrench - The Home of Sporting Events/a_Teams List""))",Chrome 135.0.7049.85,,,14-04-2025 19:27:10,14-04-2025 19:27:10,"0,306s",PASSED
"click(findTestObject(""Object Repository/Refund for teams (CARD)/Page_SportWrench - The Home of Sporting Events/span_Trinity 8 1""))",Chrome 135.0.7049.85,,,14-04-2025 19:27:10,14-04-2025 19:27:11,"0,864s",PASSED
"click(findTestObject(""Object Repository/Refund for teams (CARD)/Page_SportWrench - The Home of Sporting Events/a_Payments""))",Chrome 135.0.7049.85,,,14-04-2025 19:27:11,14-04-2025 19:27:12,"0,823s",PASSED
"click(findTestObject(""Object Repository/Refund for teams (CARD)/Page_SportWrench - The Home of Sporting Events/span_CARD (paid)_1""))",Chrome 135.0.7049.85,,,14-04-2025 19:27:12,14-04-2025 19:27:14,"2,191s",PASSED
"click(findTestObject(""Object Repository/Refund for teams (CARD)/Page_SportWrench - The Home of Sporting Events/button_Refund""))",Chrome 135.0.7049.85,,,14-04-2025 19:27:14,14-04-2025 19:27:15,"0,318s",PASSED
"enhancedClick(findTestObject(""Object Repository/Refund for teams (CARD)/Page_SportWrench - The Home of Sporting Events/a_Total""))",Chrome 135.0.7049.85,,,14-04-2025 19:27:15,14-04-2025 19:27:15,"0,880s",PASSED
"click(findTestObject(""Object Repository/Refund for teams (CARD)/Page_SportWrench - The Home of Sporting Events/button_Yes""))",Chrome 135.0.7049.85,,,14-04-2025 19:27:15,14-04-2025 19:27:16,"0,517s",PASSED
"click(findTestObject(""Object Repository/Refund for teams (CARD)/Page_SportWrench - The Home of Sporting Events/button_""))",Chrome 135.0.7049.85,,,14-04-2025 19:27:16,14-04-2025 19:27:20,"4,479s",PASSED
closeBrowser(),Chrome 135.0.7049.85,,,14-04-2025 19:27:20,14-04-2025 19:27:21,"0,132s",PASSED
,,,,,,,
Test Cases/Partial refund for teams (ACH),Chrome 135.0.7049.85,,"teams, refund",14-04-2025 19:27:21,14-04-2025 19:28:01,"40,136s",PASSED
"openBrowser(""http://USAV:demo@dev.swstage.com/"")",Chrome 135.0.7049.85,,,14-04-2025 19:27:21,14-04-2025 19:27:24,"3,626s",PASSED
"navigateToUrl(""http://USAV:demo@my.dev.swstage.com/#/"")",Chrome 135.0.7049.85,,,14-04-2025 19:27:24,14-04-2025 19:27:27,"2,491s",PASSED
"setText(findTestObject(""Object Repository/Refund for teams (ACH)/Page_SportWrench - The Home of Sporting Events/input_Log In_email""), ""dcgfcgchfhgvhv@gmail.com"")",Chrome 135.0.7049.85,,,14-04-2025 19:27:27,14-04-2025 19:27:27,"0,720s",PASSED
"setEncryptedText(findTestObject(""Object Repository/Refund for teams (ACH)/Page_SportWrench - The Home of Sporting Events/input_false_password""), ""ugkk24xDMrWrlVpEbACuNZEQlZ6qfcdw"")",Chrome 135.0.7049.85,,,14-04-2025 19:27:27,14-04-2025 19:27:28,"0,281s",PASSED
"click(findTestObject(""Object Repository/Refund for teams (ACH)/Page_SportWrench - The Home of Sporting Events/button_Log In""))",Chrome 135.0.7049.85,,,14-04-2025 19:27:28,14-04-2025 19:27:28,"0,266s",PASSED
"setText(findTestObject(""Object Repository/Refund for teams (ACH)/Page_SportWrench - The Home of Sporting Events/input_Other Events_searchbox""), ""ULTIMATE TEAMS REFUND"")",Chrome 135.0.7049.85,,,14-04-2025 19:27:28,14-04-2025 19:27:32,"3,837s",PASSED
"click(findTestObject(""Object Repository/Refund for teams (ACH)/Page_SportWrench - The Home of Sporting Events/a_ULTIMATE TEAMS REFUND""))",Chrome 135.0.7049.85,,,14-04-2025 19:27:32,14-04-2025 19:27:32,"0,488s",PASSED
"click(findTestObject(""Object Repository/Refund for teams (ACH)/Page_SportWrench - The Home of Sporting Events/a_Accounting""))",Chrome 135.0.7049.85,,,14-04-2025 19:27:32,14-04-2025 19:27:34,"1,293s",PASSED
"verifyElementPresent(findTestObject(""Object Repository/Refund for teams (ACH)/Page_SportWrench - The Home of Sporting Events/div_4,000.00""), 0)",Chrome 135.0.7049.85,,,14-04-2025 19:27:34,14-04-2025 19:27:35,"1,081s",PASSED
"verifyElementPresent(findTestObject(""Object Repository/Refund for teams (ACH)/Page_SportWrench - The Home of Sporting Events/div_60.00""), 0)",Chrome 135.0.7049.85,,,14-04-2025 19:27:35,14-04-2025 19:27:35,"0,234s",PASSED
"verifyElementPresent(findTestObject(""Object Repository/Refund for teams (ACH)/Page_SportWrench - The Home of Sporting Events/div_3,900.00""), 0)",Chrome 135.0.7049.85,,,14-04-2025 19:27:35,14-04-2025 19:27:35,"0,223s",PASSED
"click(findTestObject(""Object Repository/Refund for teams (ACH)/Page_SportWrench - The Home of Sporting Events/a_Teams""))",Chrome 135.0.7049.85,,,14-04-2025 19:27:35,14-04-2025 19:27:35,"0,264s",PASSED
"click(findTestObject(""Object Repository/Refund for teams (ACH)/Page_SportWrench - The Home of Sporting Events/a_Teams List""))",Chrome 135.0.7049.85,,,14-04-2025 19:27:35,14-04-2025 19:27:36,"0,261s",PASSED
"click(findTestObject(""Object Repository/Refund for teams (ACH)/Page_SportWrench - The Home of Sporting Events/span_Trinity 9 7""))",Chrome 135.0.7049.85,,,14-04-2025 19:27:36,14-04-2025 19:27:37,"1,309s",PASSED
"click(findTestObject(""Object Repository/Refund for teams (ACH)/Page_SportWrench - The Home of Sporting Events/a_Payments""))",Chrome 135.0.7049.85,,,14-04-2025 19:27:37,14-04-2025 19:27:38,"0,907s",PASSED
"click(findTestObject(""Object Repository/Refund for teams (ACH)/Page_SportWrench - The Home of Sporting Events/span_ACH (paid)""))",Chrome 135.0.7049.85,,,14-04-2025 19:27:38,14-04-2025 19:27:40,"2,052s",PASSED
"click(findTestObject(""Object Repository/Refund for teams (ACH)/Page_SportWrench - The Home of Sporting Events/button_Refund""))",Chrome 135.0.7049.85,,,14-04-2025 19:27:40,14-04-2025 19:27:40,"0,307s",PASSED
"click(findTestObject(""Object Repository/Refund for teams (ACH)/Page_SportWrench - The Home of Sporting Events/a_Partial""))",Chrome 135.0.7049.85,,,14-04-2025 19:27:40,14-04-2025 19:27:42,"1,347s",PASSED
"click(findTestObject(""Object Repository/Refund for teams (ACH)/Page_SportWrench - The Home of Sporting Events/input_Team name_ng-pristine ng-untouched ng_75950e""))",Chrome 135.0.7049.85,,,14-04-2025 19:27:42,14-04-2025 19:27:42,"0,625s",PASSED
"click(findTestObject(""Object Repository/Refund for teams (ACH)/Page_SportWrench - The Home of Sporting Events/input_Trinity 9 12_ng-pristine ng-untouched_83e02a""))",Chrome 135.0.7049.85,,,14-04-2025 19:27:42,14-04-2025 19:27:43,"0,294s",PASSED
"setText(findTestObject(""Object Repository/Refund for teams (ACH)/Page_SportWrench - The Home of Sporting Events/input__form-control form-control-4digits ng_b55883""), ""500"")",Chrome 135.0.7049.85,,,14-04-2025 19:27:43,14-04-2025 19:27:43,"0,568s",PASSED
"click(findTestObject(""Object Repository/Refund for teams (ACH)/Page_SportWrench - The Home of Sporting Events/button_Refund 2,500.00""))",Chrome 135.0.7049.85,,,14-04-2025 19:27:43,14-04-2025 19:27:43,"0,270s",PASSED
"click(findTestObject(""Object Repository/Refund for teams (ACH)/Page_SportWrench - The Home of Sporting Events/button_""))",Chrome 135.0.7049.85,,,14-04-2025 19:27:43,14-04-2025 19:27:48,"4,550s",PASSED
"click(findTestObject(""Object Repository/Refund for teams (ACH)/Page_SportWrench - The Home of Sporting Events/a_Accounting""))",Chrome 135.0.7049.85,,,14-04-2025 19:27:48,14-04-2025 19:27:48,"0,291s",PASSED
"click(findTestObject(""Object Repository/Refund for teams (ACH)/Page_SportWrench - The Home of Sporting Events/div_1,500.00""))",Chrome 135.0.7049.85,,,14-04-2025 19:27:48,14-04-2025 19:27:49,"1,093s",PASSED
"click(findTestObject(""Object Repository/Refund for teams (ACH)/Page_SportWrench - The Home of Sporting Events/div_22.50""))",Chrome 135.0.7049.85,,,14-04-2025 19:27:49,14-04-2025 19:27:50,"0,269s",PASSED
"click(findTestObject(""Object Repository/Refund for teams (ACH)/Page_SportWrench - The Home of Sporting Events/div_1,457.50""))",Chrome 135.0.7049.85,,,14-04-2025 19:27:50,14-04-2025 19:27:50,"0,267s",PASSED
"click(findTestObject(""Object Repository/Refund for teams (ACH)/Page_SportWrench - The Home of Sporting Events/a_Teams""))",Chrome 135.0.7049.85,,,14-04-2025 19:27:50,14-04-2025 19:27:50,"0,271s",PASSED
"click(findTestObject(""Object Repository/Refund for teams (ACH)/Page_SportWrench - The Home of Sporting Events/a_Teams List""))",Chrome 135.0.7049.85,,,14-04-2025 19:27:50,14-04-2025 19:27:50,"0,290s",PASSED
"click(findTestObject(""Object Repository/Refund for teams (ACH)/Page_SportWrench - The Home of Sporting Events/span_Trinity 9 7""))",Chrome 135.0.7049.85,,,14-04-2025 19:27:50,14-04-2025 19:27:51,"0,840s",PASSED
"click(findTestObject(""Object Repository/Refund for teams (ACH)/Page_SportWrench - The Home of Sporting Events/a_Payments""))",Chrome 135.0.7049.85,,,14-04-2025 19:27:51,14-04-2025 19:27:52,"1,163s",PASSED
"click(findTestObject(""Object Repository/Refund for teams (ACH)/Page_SportWrench - The Home of Sporting Events/span_ACH (paid)_1""))",Chrome 135.0.7049.85,,,14-04-2025 19:27:52,14-04-2025 19:27:55,"2,131s",PASSED
"click(findTestObject(""Object Repository/Refund for teams (ACH)/Page_SportWrench - The Home of Sporting Events/button_Refund""))",Chrome 135.0.7049.85,,,14-04-2025 19:27:55,14-04-2025 19:27:55,"0,292s",PASSED
"click(findTestObject(""Object Repository/Refund for teams (ACH)/Page_SportWrench - The Home of Sporting Events/a_Total""))",Chrome 135.0.7049.85,,,14-04-2025 19:27:55,14-04-2025 19:27:56,"0,879s",PASSED
"click(findTestObject(""Object Repository/Refund for teams (ACH)/Page_SportWrench - The Home of Sporting Events/button_Yes""))",Chrome 135.0.7049.85,,,14-04-2025 19:27:56,14-04-2025 19:27:56,"0,513s",PASSED
"click(findTestObject(""Object Repository/Refund for teams (ACH)/Page_SportWrench - The Home of Sporting Events/button_""))",Chrome 135.0.7049.85,,,14-04-2025 19:27:56,14-04-2025 19:28:01,"4,362s",PASSED
closeBrowser(),Chrome 135.0.7049.85,,,14-04-2025 19:28:01,14-04-2025 19:28:01,"0,134s",PASSED
,,,,,,,
Test Cases/Refund for teams (Check),Chrome 135.0.7049.85,,"team, refund",14-04-2025 19:28:01,14-04-2025 19:28:55,"54,555s",PASSED
"openBrowser(""http://USAV:demo@dev.swstage.com/ "")",Chrome 135.0.7049.85,,,14-04-2025 19:28:01,14-04-2025 19:28:06,"5,535s",PASSED
"navigateToUrl(""http://USAV:demo@my.dev.swstage.com/#/"")",Chrome 135.0.7049.85,,,14-04-2025 19:28:06,14-04-2025 19:28:09,"3,148s",PASSED
"setText(findTestObject(""Object Repository/Refund for teams (CHECK)/Page_SportWrench - The Home of Sporting Events/input_Log In_email""), ""dcgfcgchfhgvhv@gmail.com"")",Chrome 135.0.7049.85,,,14-04-2025 19:28:09,14-04-2025 19:28:10,"0,713s",PASSED
"setEncryptedText(findTestObject(""Object Repository/Refund for teams (CHECK)/Page_SportWrench - The Home of Sporting Events/input_false_password""), ""ugkk24xDMrWrlVpEbACuNZEQlZ6qfcdw"")",Chrome 135.0.7049.85,,,14-04-2025 19:28:10,14-04-2025 19:28:10,"0,275s",PASSED
"click(findTestObject(""Object Repository/Refund for teams (CHECK)/Page_SportWrench - The Home of Sporting Events/button_Log In""))",Chrome 135.0.7049.85,,,14-04-2025 19:28:10,14-04-2025 19:28:11,"0,266s",PASSED
"setText(findTestObject(""Object Repository/Refund for teams (CHECK)/Page_SportWrench - The Home of Sporting Events/input_Other Events_searchbox""), ""ULTIMATE TEAMS REFUND"")",Chrome 135.0.7049.85,,,14-04-2025 19:28:11,14-04-2025 19:28:19,"7,987s",PASSED
"click(findTestObject(""Object Repository/Refund for teams (CHECK)/Page_SportWrench - The Home of Sporting Events/a_ULTIMATE TEAMS REFUND""))",Chrome 135.0.7049.85,,,14-04-2025 19:28:19,14-04-2025 19:28:19,"0,485s",PASSED
"click(findTestObject(""Object Repository/Refund for teams (CHECK)/Page_SportWrench - The Home of Sporting Events/a_Accounting""))",Chrome 135.0.7049.85,,,14-04-2025 19:28:19,14-04-2025 19:28:20,"0,929s",PASSED
"verifyElementPresent(findTestObject(""Object Repository/Refund for teams (CHECK)/Page_SportWrench - The Home of Sporting Events/div_0.00""), 0)",Chrome 135.0.7049.85,,,14-04-2025 19:28:20,14-04-2025 19:28:21,"1,166s",PASSED
"verifyElementPresent(findTestObject(""Object Repository/Refund for teams (CHECK)/Page_SportWrench - The Home of Sporting Events/div_0.00_1""), 0)",Chrome 135.0.7049.85,,,14-04-2025 19:28:21,14-04-2025 19:28:22,"0,224s",PASSED
"verifyElementPresent(findTestObject(""Object Repository/Refund for teams (CHECK)/Page_SportWrench - The Home of Sporting Events/div_0.00_1_2""), 0)",Chrome 135.0.7049.85,,,14-04-2025 19:28:22,14-04-2025 19:28:22,"0,221s",PASSED
"verifyElementPresent(findTestObject(""Object Repository/Refund for teams (CHECK)/Page_SportWrench - The Home of Sporting Events/div_0.00_1_2_3""), 0)",Chrome 135.0.7049.85,,,14-04-2025 19:28:22,14-04-2025 19:28:22,"0,223s",PASSED
"click(findTestObject(""Object Repository/Refund for teams (CHECK)/Page_SportWrench - The Home of Sporting Events/a_Teams""))",Chrome 135.0.7049.85,,,14-04-2025 19:28:22,14-04-2025 19:28:22,"0,258s",PASSED
"click(findTestObject(""Object Repository/Refund for teams (CHECK)/Page_SportWrench - The Home of Sporting Events/a_Teams List""))",Chrome 135.0.7049.85,,,14-04-2025 19:28:22,14-04-2025 19:28:22,"0,255s",PASSED
"click(findTestObject(""Object Repository/Refund for teams (CHECK)/Page_SportWrench - The Home of Sporting Events/span_Trinity 9 16""))",Chrome 135.0.7049.85,,,14-04-2025 19:28:22,14-04-2025 19:28:24,"2,006s",PASSED
"click(findTestObject(""Object Repository/Refund for teams (CHECK)/Page_SportWrench - The Home of Sporting Events/a_Payments""))",Chrome 135.0.7049.85,,,14-04-2025 19:28:24,14-04-2025 19:28:25,"0,914s",PASSED
"click(findTestObject(""Object Repository/Refund for teams (CHECK)/Page_SportWrench - The Home of Sporting Events/span_CHECK (pending)""))",Chrome 135.0.7049.85,,,14-04-2025 19:28:25,14-04-2025 19:28:28,"2,388s",PASSED
"click(findTestObject(""Object Repository/Refund for teams (CHECK)/Page_SportWrench - The Home of Sporting Events/input_Received_is_received""))",Chrome 135.0.7049.85,,,14-04-2025 19:28:28,14-04-2025 19:28:29,"1,036s",PASSED
"setText(findTestObject(""Object Repository/Refund for teams (CHECK)/Page_SportWrench - The Home of Sporting Events/input__check_num""), ""1234567"")",Chrome 135.0.7049.85,,,14-04-2025 19:28:29,14-04-2025 19:28:29,"0,584s",PASSED
"click(findTestObject(""Object Repository/Refund for teams (CHECK)/Page_SportWrench - The Home of Sporting Events/button_Save""))",Chrome 135.0.7049.85,,,14-04-2025 19:28:29,14-04-2025 19:28:30,"0,288s",PASSED
"click(findTestObject(""Object Repository/Refund for teams (CHECK)/Page_SportWrench - The Home of Sporting Events/button_""))",Chrome 135.0.7049.85,,,14-04-2025 19:28:30,14-04-2025 19:28:37,"7,446s",PASSED
"click(findTestObject(""Object Repository/Refund for teams (CHECK)/Page_SportWrench - The Home of Sporting Events/a_Accounting""))",Chrome 135.0.7049.85,,,14-04-2025 19:28:37,14-04-2025 19:28:37,"0,305s",PASSED
"verifyElementPresent(findTestObject(""Object Repository/Refund for teams (CHECK)/Page_SportWrench - The Home of Sporting Events/div_3,000.00""), 0)",Chrome 135.0.7049.85,,,14-04-2025 19:28:37,14-04-2025 19:28:39,"1,577s",PASSED
"verifyElementPresent(findTestObject(""Object Repository/Refund for teams (CHECK)/Page_SportWrench - The Home of Sporting Events/div_3,000.00_1""), 0)",Chrome 135.0.7049.85,,,14-04-2025 19:28:39,14-04-2025 19:28:39,"0,229s",PASSED
"verifyElementPresent(findTestObject(""Object Repository/Refund for teams (CHECK)/Page_SportWrench - The Home of Sporting Events/div_30.00""), 0)",Chrome 135.0.7049.85,,,14-04-2025 19:28:39,14-04-2025 19:28:39,"0,232s",PASSED
"verifyElementPresent(findTestObject(""Object Repository/Refund for teams (CHECK)/Page_SportWrench - The Home of Sporting Events/div_2,970.00""), 0)",Chrome 135.0.7049.85,,,14-04-2025 19:28:39,14-04-2025 19:28:40,"0,230s",PASSED
"verifyElementPresent(findTestObject(""Object Repository/Refund for teams (CHECK)/Page_SportWrench - The Home of Sporting Events/div_-30.00""), 0)",Chrome 135.0.7049.85,,,14-04-2025 19:28:40,14-04-2025 19:28:40,"0,234s",PASSED
"click(findTestObject(""Object Repository/Refund for teams (CHECK)/Page_SportWrench - The Home of Sporting Events/a_Teams""))",Chrome 135.0.7049.85,,,14-04-2025 19:28:40,14-04-2025 19:28:40,"0,268s",PASSED
"click(findTestObject(""Object Repository/Refund for teams (CHECK)/Page_SportWrench - The Home of Sporting Events/a_Teams List""))",Chrome 135.0.7049.85,,,14-04-2025 19:28:40,14-04-2025 19:28:40,"0,281s",PASSED
"click(findTestObject(""Object Repository/Refund for teams (CHECK)/Page_SportWrench - The Home of Sporting Events/span_Trinity 9 16""))",Chrome 135.0.7049.85,,,14-04-2025 19:28:40,14-04-2025 19:28:41,"0,949s",PASSED
"click(findTestObject(""Object Repository/Refund for teams (CHECK)/Page_SportWrench - The Home of Sporting Events/a_Payments""))",Chrome 135.0.7049.85,,,14-04-2025 19:28:41,14-04-2025 19:28:43,"1,319s",PASSED
"click(findTestObject(""Object Repository/Refund for teams (CHECK)/Page_SportWrench - The Home of Sporting Events/span_CHECK (paid)""))",Chrome 135.0.7049.85,,,14-04-2025 19:28:43,14-04-2025 19:28:45,"2,436s",PASSED
"click(findTestObject(""Object Repository/Refund for teams (CHECK)/Page_SportWrench - The Home of Sporting Events/button_Void Invoice_1""))",Chrome 135.0.7049.85,,,14-04-2025 19:28:45,14-04-2025 19:28:46,"0,330s",PASSED
"click(findTestObject(""Object Repository/Refund for teams (CHECK)/Page_SportWrench - The Home of Sporting Events/button_Yes""))",Chrome 135.0.7049.85,,,14-04-2025 19:28:46,14-04-2025 19:28:47,"1,287s",PASSED
"click(findTestObject(""Object Repository/Refund for teams (CHECK)/Page_SportWrench - The Home of Sporting Events/button_""))",Chrome 135.0.7049.85,,,14-04-2025 19:28:47,14-04-2025 19:28:52,"5,398s",PASSED
"click(findTestObject(""Object Repository/Refund for teams (CHECK)/Page_SportWrench - The Home of Sporting Events/a_Accounting""))",Chrome 135.0.7049.85,,,14-04-2025 19:28:52,14-04-2025 19:28:53,"1,010s",PASSED
"verifyElementPresent(findTestObject(""Object Repository/Refund for teams (CHECK)/Page_SportWrench - The Home of Sporting Events/div_0.00_1_2""), 0)",Chrome 135.0.7049.85,,,14-04-2025 19:28:53,14-04-2025 19:28:55,"1,686s",PASSED
"verifyElementPresent(findTestObject(""Object Repository/Refund for teams (CHECK)/Page_SportWrench - The Home of Sporting Events/div_0.00_1_2_3""), 0)",Chrome 135.0.7049.85,,,14-04-2025 19:28:55,14-04-2025 19:28:55,"0,236s",PASSED
closeBrowser(),Chrome 135.0.7049.85,,,14-04-2025 19:28:55,14-04-2025 19:28:55,"0,145s",PASSED
